{
  "doctype"                                 : "site",
  "id"                                      : "site.batiment_technique",
  "name"                                    : "Bâtiment Technique",
  "guid"                                    : "batiment_technique",
  "segment"                                 : "COLLECTIVITE",
  "type"                                    : "Bâtiment",
  "description"                             : "",
  "photo"                                   : "file.site.",
  "organization_id"                         : "organization.barjourl",
  "address"                                 : "2 Rue Cité du Petit Nice",
  "zipcode"                                 : "96330",
  "town"                                    : "BARJOUL",
  "country"                                 : "FRANCE",
  "latitude"                                : "2.567606",
  "longitude"                               : "44.346924",
  "affectation"                             : "N/A",
  "living_space"                            : "N/A",
  "electricity_consumption"                 : "0",
  "gas_consumption"                         : "0",
  "biomass_energy"                          : "0",
  "sale_of_renewable_electric_energy"       : "0",
  "cold_water_pricing"                      : "3,24",
  "hot_water_pricing"                       : "3,41",
  "heating_pricing"                         : "0,0618",
  "gas_pricing"                             : "0,568",
  "basic_electricity_pricing"               : "0,1043",
  "electricity_on_peak_hours"               : "0,1060",
  "electricity_off_peak_hours"              : "0,1535"
}