{
  "doctype"                                 : "site",
  "id"                                      : "site.ecole_maternelle_saint_exupery",
  "name"                                    : "École Maternelle Saint-Exupéry",
  "guid"                                    : "ecole_maternelle_saint_exupery",
  "segment"                                 : "COLLECTIVITE",
  "type"                                    : "École",
  "description"                             : "",
  "photo"                                   : "file.site.ecole_maternelle_saint_exupery",
  "organization_id"                         : "organization.barjourl",
  "address"                                 : "39 Côte de Layoule",
  "zipcode"                                 : "96330",
  "town"                                    : "BARJOUL",
  "country"                                 : "FRANCE",
  "latitude"                                : "2.580459",
  "longitude"                               : "44.353859",
  "affectation"                             : "N/A",
  "living_space"                            : "N/A",
  "electricity_consumption"                 : "0",
  "gas_consumption"                         : "0",
  "biomass_energy"                          : "0",
  "sale_of_renewable_electric_energy"       : "0",
  "cold_water_pricing"                      : "3,14",
  "hot_water_pricing"                       : "3,32",
  "heating_pricing"                         : "0,0622",
  "gas_pricing"                             : "0,566",
  "basic_electricity_pricing"               : "0,1133",
  "electricity_on_peak_hours"               : "0,1060",
  "electricity_off_peak_hours"              : "0,1535"
}