{
  "doctype"                                 : "site",
  "id"                                      : "site.mairie_de_barjoul",
  "name"                                    : "Mairie de Barjoul",
  "guid"                                    : "mairie_de_barjoul",
  "segment"                                 : "COLLECTIVITE",
  "type"                                    : "Mairie",
  "description"                             : "",
  "photo"                                   : "file.site.mairie_de_barjoul",
  "organization_id"                         : "organization.mairie_de_barjoul",
  "address"                                 : "2, Place Eugène Raynaldy",
  "zipcode"                                 : "96330",
  "town"                                    : "BARJOUL",
  "country"                                 : "FRANCE",
  "latitude"                                : "2.577766",
  "longitude"                               : "44.360310",
  "affectation"                             : "N/A",
  "living_space"                            : "N/A",
  "electricity_consumption"                 : "0",
  "gas_consumption"                         : "0",
  "biomass_energy"                          : "0",
  "sale_of_renewable_electric_energy"       : "0",
  "cold_water_pricing"                      : "3,58",
  "hot_water_pricing"                       : "3,80",
  "heating_pricing"                         : "0,0616",
  "gas_pricing"                             : "0,529",
  "basic_electricity_pricing"               : "0,1193",
  "electricity_on_peak_hours"               : "0,1060",
  "electricity_off_peak_hours"              : "0,1535"
}