{
  "doctype"                                 : "site",
  "id"                                      : "site.les_chenes",
  "name"                                    : "Les Chênes",
  "guid"                                    : "les_chenes",
  "segment"                                 : "RESIDENTIEL",
  "type"                                    : "Copropriété",
  "description"                             : "",
  "photo"                                   : "files.site.les_chenes",
  "organization_id"                         : "organization.moulin_des_aulnes",
  "address"                                 : "20, Avenue du vieux château",
  "zipcode"                                 : "59650",
  "town"                                    : "VILLENEUVE-D'ASCQ",
  "country"                                 : "FRANCE",
  "latitude"                                : "3.1516006",
  "longitude"                               : "50.6317759",
  "affectation"                             : "Logements Semi-Collectifs",
  "living_space"                            : "2264",
  "electricity_consumption"                 : "0",
  "gas_consumption"                         : "0",
  "biomass_energy"                          : "0",
  "sale_of_renewable_electric_energy"       : "0",
  "cold_water_pricing"                      : "3,36",
  "hot_water_pricing"                       : "3,70",
  "heating_pricing"                         : "0,0628",
  "gas_pricing"                             : "0,529",
  "basic_electricity_pricing"               : "0,1373",
  "electricity_on_peak_hours"               : "0,1060",
  "electricity_off_peak_hours"              : "0,1535"
}