{
  "doctype"                                 : "site",
  "id"                                      : "site.conseil_general_du_limarais",
  "name"                                    : "Conseil Général du Limarais",
  "guid"                                    : "conseil_general_du_limarais",
  "segment"                                 : "COLLECTIVITE",
  "type"                                    : "Conseil Général",
  "description"                             : "",
  "photo"                                   : "file.site.conseil_general_du_limarais",
  "organization_id"                         : "organization.cg96",
  "address"                                 : "2 Rue Paul Louis Courier",
  "zipcode"                                 : "96000",
  "town"                                    : "LAVENOU",
  "country"                                 : "FRANCE",
  "latitude"                                : "0.716701",
  "longitude"                               : "45.192581 ",
  "affectation"                             : "N/A",
  "living_space"                            : "N/A",
  "electricity_consumption"                 : "0",
  "gas_consumption"                         : "0",
  "biomass_energy"                          : "0",
  "sale_of_renewable_electric_energy"       : "0",
  "cold_water_pricing"                      : "3,36",
  "hot_water_pricing"                       : "3,41",
  "heating_pricing"                         : "0,0618",
  "gas_pricing"                             : "0,519",
  "basic_electricity_pricing"               : "0,1223",
  "electricity_on_peak_hours"               : "0,1060",
  "electricity_off_peak_hours"              : "0,1535"
}