{
  "doctype"                                 : "site",
  "id"                                      : "site.boulangerie_sophie",
  "name"                                    : "Boulangerie Sophie",
  "guid"                                    : "boulangerie_sophie",
  "segment"                                 : "TERTIAIRE",
  "type"                                    : "Commerce de proximité",
  "description"                             : "",
  "photo"                                   : "file.site.boulangerie_sophie",
  "organization_id"                         : "organization.boulangerie_sophie",
  "address"                                 : "19 Rue Philippe Gonnard",
  "zipcode"                                 : "69001",
  "town"                                    : "LYON",
  "country"                                 : "FRANCE",
  "latitude"                                : "4.818534",
  "longitude"                               : "45.769594",
  "affectation"                             : "N/A",
  "living_space"                            : "N/A",
  "electricity_consumption"                 : "0",
  "gas_consumption"                         : "0",
  "biomass_energy"                          : "0",
  "sale_of_renewable_electric_energy"       : "0",
  "cold_water_pricing"                      : "3,22",
  "hot_water_pricing"                       : "3,32",
  "heating_pricing"                         : "0,0621",
  "gas_pricing"                             : "0,569",
  "basic_electricity_pricing"               : "0,1013",
  "electricity_on_peak_hours"               : "0,1060",
  "electricity_off_peak_hours"              : "0,1535"
}