{
  "doctype"                                 : "site",
  "id"                                      : "site.lycee_jules_verne",
  "name"                                    : "Lycée Jules Verne",
  "guid"                                    : "lycee_jules_verne",
  "segment"                                 : "COLLECTIVITE",
  "type"                                    : "Lycée",
  "description"                             : "",
  "photo"                                   : "file.site.",
  "organization_id"                         : "organization.barjourl",
  "address"                                 : "73 Avenue de Paris",
  "zipcode"                                 : "96330",
  "town"                                    : "BARJOUL",
  "country"                                 : "FRANCE",
  "latitude"                                : "2.585813",
  "longitude"                               : "44.361047",
  "affectation"                             : "N/A",
  "living_space"                            : "N/A",
  "electricity_consumption"                 : "0",
  "gas_consumption"                         : "0",
  "biomass_energy"                          : "0",
  "sale_of_renewable_electric_energy"       : "0",
  "cold_water_pricing"                      : "3,27",
  "hot_water_pricing"                       : "3,60",
  "heating_pricing"                         : "0,0621",
  "gas_pricing"                             : "0,566",
  "basic_electricity_pricing"               : "0,1103",
  "electricity_on_peak_hours"               : "0,1060",
  "electricity_off_peak_hours"              : "0,1535"
}