{
  "doctype"                                 : "site",
  "id"                                      : "site.les_lilas",
  "name"                                    : "Les Lilas",
  "guid"                                    : "les_lilas",
  "segment"                                 : "RESIDENTIEL",
  "type"                                    : "Résidence",
  "description"                             : "",
  "photo"                                   : "file.site.les_lilas",
  "organization_id"                         : "organization.oph_bordeaux",
  "address"                                 : "30, rue Jean Fleuret",
  "zipcode"                                 : "33100",
  "town"                                    : "BORDEAUX",
  "country"                                 : "FRANCE",
  "latitude"                                : "-0.5843144",
  "longitude"                               : "44.8370073",
  "affectation"                             : "Logements Collectifs",
  "living_space"                            : "2830",
  "electricity_consumption"                 : "0",
  "gas_consumption"                         : "0",
  "biomass_energy"                          : "0",
  "sale_of_renewable_electric_energy"       : "0",
  "cold_water_pricing"                      : "2,92",
  "hot_water_pricing"                       : "3,70",
  "heating_pricing"                         : "0,0622",
  "gas_pricing"                             : "0,626",
  "basic_electricity_pricing"               : "0,1313",
  "electricity_on_peak_hours"               : "0,1060",
  "electricity_off_peak_hours"              : "0,1535"
}