{
  "doctype"                                 : "site",
  "id"                                      : "site.college_les_bruyeres",
  "name"                                    : "Collège Les Bruyères",
  "guid"                                    : "college_les_bruyeres",
  "segment"                                 : "COLLECTIVITE",
  "type"                                    : "Collège",
  "description"                             : "",
  "photo"                                   : "file.site.college_les_bruyeres",
  "organization_id"                         : "organization.barjourl",
  "address"                                 : "Avenue de Bamberg",
  "zipcode"                                 : "96330",
  "town"                                    : "BARJOUL",
  "country"                                 : "FRANCE",
  "latitude"                                : "2.590405",
  "longitude"                               : "44.360096",
  "affectation"                             : "N/A",
  "living_space"                            : "N/A",
  "electricity_consumption"                 : "0",
  "gas_consumption"                         : "0",
  "biomass_energy"                          : "0",
  "sale_of_renewable_electric_energy"       : "0",
  "cold_water_pricing"                      : "3,36",
  "hot_water_pricing"                       : "3,51",
  "heating_pricing"                         : "0,0615",
  "gas_pricing"                             : "0,565",
  "basic_electricity_pricing"               : "0,1163",
  "electricity_on_peak_hours"               : "0,1060",
  "electricity_off_peak_hours"              : "0,1535"
}