{
  "doctype"                                 : "site",
  "id"                                      : "site.azur",
  "name"                                    : "Azur",
  "guid"                                    : "azur",
  "segment"                                 : "RESIDENTIEL",
  "type"                                    : "Résidence",
  "description"                             : "",
  "photo"                                   : "file.site.azur",
  "organization_id"                         : "organization.clairiere_habitat",
  "address"                                 : "19 Rue Drouin",
  "zipcode"                                 : "54000",
  "town"                                    : "NANCY",
  "country"                                 : "FRANCE", 
  "latitude"                                : "6.189285",
  "longitude"                               : "48.691038",
  "affectation"                             : "Logements Collectifs",
  "living_space"                            : "2830",
  "electricity_consumption"                 : "406227",
  "gas_consumption"                         : "0",
  "biomass_energy"                          : "0",
  "sale_of_renewable_electric_energy"       : "0",
  "cold_water_pricing"                      : "3,80",
  "hot_water_pricing"                       : "4,18",
  "heating_pricing"                         : "0,0631",
  "gas_pricing"                             : "0,5190",
  "basic_electricity_pricing"               : "0,1433",
  "electricity_on_peak_hours"               : "0,1060",
  "electricity_off_peak_hours"              : "0,1535"
}