{
  "doctype"                                 : "site",
  "id"                                      : "site.les_peupliers",
  "name"                                    : "Les Peupliers",
  "guid"                                    : "les_peupliers",
  "segment"                                 : "RESIDENTIEL",
  "type"                                    : "Copropriété",
  "description"                             : "",
  "photo"                                   : "files.site.les_peupliers",
  "organization_id"                         : "organization.moulin_des_aulnes",
  "address"                                 : "15 Rue des Polieux",
  "zipcode"                                 : "35000",
  "town"                                    : "RENNES",
  "country"                                 : "FRANCE",
  "latitude"                                : " -1.691620",
  "longitude"                               : "48.110386",
  "affectation"                             : "Logements Collectifs",
  "living_space"                            : "2830",
  "electricity_consumption"                 : "0",
  "gas_consumption"                         : "0",
  "biomass_energy"                          : "0",
  "sale_of_renewable_electric_energy"       : "0",
  "cold_water_pricing"                      : "3,14",
  "hot_water_pricing"                       : "3,94",
  "heating_pricing"                         : "0,0624",
  "gas_pricing"                             : "0,621",
  "basic_electricity_pricing"               : "0,1343",
  "electricity_on_peak_hours"               : "0,1060",
  "electricity_off_peak_hours"              : "0,1535"
}