{
  "doctype"                                 : "site",
  "id"                                      : "site.les_iris",
  "name"                                    : "Les Iris",
  "guid"                                    : "les_iris",
  "segment"                                 : "RESIDENTIEL",
  "type"                                    : "Résidence",
  "description"                             : "",
  "photo"                                   : "file.site.les_iris",
  "organization_id"                         : "organization.oph_bordeaux",
  "address"                                 : "Place Jean Vilar",
  "zipcode"                                 : "33310",
  "town"                                    : "LORMONT",
  "country"                                 : "FRANCE",
  "latitude"                                : "-0.5018905",
  "longitude"                               : "44.8753653",
  "affectation"                             : "Logements Semi-Collectifs",
  "living_space"                            : "2830",
  "electricity_consumption"                 : "0",
  "gas_consumption"                         : "0",
  "biomass_energy"                          : "0",
  "sale_of_renewable_electric_energy"       : "0",
  "cold_water_pricing"                      : "3,36",
  "hot_water_pricing"                       : "3,60",
  "heating_pricing"                         : "0,0621",
  "gas_pricing"                             : "0,658",
  "basic_electricity_pricing"               : "0,1283",
  "electricity_on_peak_hours"               : "0,1060",
  "electricity_off_peak_hours"              : "0,1535"
}