{
  "doctype"                                 : "site",
  "id"                                      : "site.les_hortensias",
  "name"                                    : "Les Hortensias",
  "guid"                                    : "les_hortensias",
  "segment"                                 : "RESIDENTIEL",
  "type"                                    : "Résidence",
  "description"                             : "",
  "photo"                                   : "file.site.les_hortensias",
  "organization_id"                         : "organization.oph_bordeaux",
  "address"                                 : "85 Rue de Laseppe",
  "zipcode"                                 : "33000",
  "town"                                    : "BORDEAUX",
  "country"                                 : "FRANCE",
  "latitude"                                : "-0.586203",
  "longitude"                               : "44.853623",
  "affectation"                             : "Logements Collectifs",
  "living_space"                            : "3396",
  "electricity_consumption"                 : "0",
  "gas_consumption"                         : "0",
  "biomass_energy"                          : "0",
  "sale_of_renewable_electric_energy"       : "0",
  "cold_water_pricing"                      : "3,14",
  "hot_water_pricing"                       : "3,51",
  "heating_pricing"                         : "0,0619",
  "gas_pricing"                             : "0,519",
  "basic_electricity_pricing"               : "0,1253",
  "electricity_on_peak_hours"               : "0,1060",
  "electricity_off_peak_hours"              : "0,1535"
}







