{
  "doctype"                                 : "site",
  "id"                                      : "site.oceane",
  "name"                                    : "Océane",
  "guid"                                    : "oceane",
  "segment"                                 : "RESIDENTIEL",
  "type"                                    : "Copropriété",
  "description"                             : "",
  "photo"                                   : "file.site.oceane",
  "organization_id"                         : "organization.clairiere_habitat",
  "address"                                 : "10 Rue Puget",
  "zipcode"                                 : "6100",
  "town"                                    : "NICE",
  "country"                                 : "FRANCE", 
  "latitude"                                : "7.259864",
  "longitude"                               : "43.717209,",
  "affectation"                             : "Logements Individuels",
  "living_space"                            : "1680",
  "electricity_consumption"                 : "0",
  "gas_consumption"                         : "0",
  "biomass_energy"                          : "0",
  "sale_of_renewable_electric_energy"       : "0",
  "cold_water_pricing"                      : "3,58",
  "hot_water_pricing"                       : "3,94",
  "heating_pricing"                         : "0,0621",
  "gas_pricing"                             : "0,5190",
  "basic_electricity_pricing"               : "0,1403",
  "electricity_on_peak_hours"               : "0,1060",
  "electricity_off_peak_hours"              : "0,1535"
}