{
  "doctype"                                 : "site",
  "id"                                      : "site.gymnase_ronsard",
  "name"                                    : "Gymnase Ronsard",
  "guid"                                    : "gymnase_ronsard",
  "segment"                                 : "COLLECTIVITE",
  "type"                                    : "Gymnase",
  "description"                             : "",
  "photo"                                   : "file.site.",
  "organization_id"                         : "organization.barjourl",
  "address"                                 : "60 Rue Raynal",
  "zipcode"                                 : "96330",
  "town"                                    : "BARJOUL",
  "country"                                 : "FRANCE",
  "latitude"                                : "2.568347",
  "longitude"                               : "44.355133",
  "affectation"                             : "N/A",
  "living_space"                            : "N/A",
  "electricity_consumption"                 : "0",
  "gas_consumption"                         : "0",
  "biomass_energy"                          : "0",
  "sale_of_renewable_electric_energy"       : "0",
  "cold_water_pricing"                      : "3,25",
  "hot_water_pricing"                       : "3,51",
  "heating_pricing"                         : "0,0619",
  "gas_pricing"                             : "0,567",
  "basic_electricity_pricing"               : "0,1073",
  "electricity_on_peak_hours"               : "0,1060",
  "electricity_off_peak_hours"              : "0,1535"
}