{
  "doctype"                                 : "site",
  "id"                                      : "site.zenith",
  "name"                                    : "Zenith",
  "guid"                                    : "zenith",
  "segment"                                 : "TERTIAIRE",
  "type"                                    : "Immeuble Tertiaire",
  "description"                             : "",
  "photo"                                   : "file.site.zenith",
  "organization_id"                         : "organization.aurore",
  "address"                                 : "43 Rue Delarivière Lefoullon",
  "zipcode"                                 : "92800",
  "town"                                    : "PUTEAUX",
  "country"                                 : "FRANCE",
  "latitude"                                : "2.242893",
  "longitude"                               : "48.888524",
  "affectation"                             : "N/A",
  "living_space"                            : "N/A",
  "electricity_consumption"                 : "0",
  "gas_consumption"                         : "0",
  "biomass_energy"                          : "0",
  "sale_of_renewable_electric_energy"       : "0",
  "cold_water_pricing"                      : "3,58",
  "hot_water_pricing"                       : "4,18",
  "heating_pricing"                         : "0,0628",
  "gas_pricing"                             : "0,570",
  "basic_electricity_pricing"               : "0,0983",
  "electricity_on_peak_hours"               : "0,1060",
  "electricity_off_peak_hours"              : "0,1535"
}